Counter,Authors,Title,Publication,Year,Dates,Category,Subject,File,Volume,Pages,Address,Publisher,Editor,Citation,ReferredByURL,GoogleScholarURL
1,Bilal Khan#Alexei Miasnikov#Denis Serbin,On positive theories of groups with regular free length functions,Journal of Computation and Algebra,2007,NULL,Journal,Group theory,pdf/39.pdf,17(1),NULL,NULL,World Scientific,NULL,0,"http://scholar.google.com/scholar?cites=15369717530662691423&as_sdt=5,33&sciodt=0,33&hl=en",http://scholar.google.com/scholar?q=On+positive+theories+of+groups+with+regular+free+length+functions&btnG=&hl=en&as_sdt=5%2C33&cites=12378859636054300276&scipsc=
2,Delaram Kahrobaei#Bilal Khan,A Non-Commutative Generalization of ElGamal Key Exchange using Polycyclic Groups,IEEE Globecom,2006,"Nov 27-Dec 1, 2006",Conference,Group theory,pdf/30.pdf,NULL,5-Jan,"San Francisco, CA",IEEE,NULL,0,http://scholar.google.com/scholar?oi=bibs&hl=en&cites=12378859636054300276&as_sdt=5,http://scholar.google.com/citations?view_op=view_citation&hl=en&user=ScTS9PkAAAAJ&citation_for_view=ScTS9PkAAAAJ:d1gkVwhDpl0C
3,Bilal Khan,The Structure of Automorphic Conjugacy in the Free Group of Rank Two,Contemporary Mathematics Series ,2003,NULL,Conference,Group theory,pdf/19.pdf,349,115-196,NULL,American Mathematical Society ,NULL,0,"http://scholar.google.com/scholar?cites=9998461147169396573&as_sdt=5,33&sciodt=0,33&hl=en",http://scholar.google.com/scholar?q=The+Structure+of+Automorphic+Conjugacy+in+the+Free+Group+of+Rank+Two&btnG=&hl=en&as_sdt=0%2C33
4,Bilal Khan,Positively Generated Subgroups of Free Groups and the Hanna Neumann Conjecture,Contemporary Mathematics Series,2002,NULL,Conference,Group theory,pdf/16.pdf,296,155-170,NULL,American Mathematical Society ,NULL,0,"http://scholar.google.com/scholar?cites=10660172311464970534&as_sdt=5,33&sciodt=0,33&hl=en",http://scholar.google.com/scholar?q=Positively+Generated+Subgroups+of+Free+Groups+and+the+Hanna+Neumann+Conjecture&btnG=&hl=en&as_sdt=0%2C33
8,Yuri Cantor#Nancy Griffeth#Bilal Khan,Securing BGP Through Existing Infrastructure and Contractual Chains,Computers Freedom and Privacy conference,2010,"June 15-18, 2010",Conference,Network security,bgp.pdf,NULL,NULL,"San Jose, CA",NULL,NULL,0,None,http://scholar.google.com/scholar?q=Securing+BGP+Through+Existing+Infrastructure+and+Contractual+Chains&btnG=&hl=en&as_sdt=0%2C33
9,Jaroslaw Paduch#Jamie Levy#Bilal Khan,Using a Secure Permutational Covert Channel to Detect Local and Wide Area Interposition Attacks,International Conference of Wireless Communications & Mobile Computing,2009,Network security,pdf/50.pdf,Network security,79-83 ,"Leipzig, Germany",Association of Computing Machinery,NULL,0,"http://scholar.google.com/scholar?cites=6177097731277045636&as_sdt=5,33&sciodt=0,33&hl=en",http://scholar.google.com/scholar?q=Using+a+Secure+Permutational+Covert+Channel+to+Detect+Local+and+Wide+Area+Interposition+Attacks&btnG=&hl=en&as_sdt=0%2C33,,
10,Omer Demir#Bilal Khan,Quantifying Distributed System Stability through Simulation: A Case Study of an Agent-Based System for Flow Reconstruction of DDoS Attacks,International Conference on Intelligent Systems Modelling and Simulation,2010,"Jan 27-29, 2010",Conference,Network security,pdf/59.pdf,NULL,312-317,"Liverpool, UK",IEEE,NULL,0,"http://scholar.google.com/scholar?cites=2592313887833006962&as_sdt=5,33&sciodt=0,33&hl=en",http://scholar.google.com/scholar?hl=en&q=Quantifying+Distributed+System+Stability+through+Simulation%3A+A+Case+Study+of+an+Agent-Based+System+for+Flow+Reconstruction+of+DDoS+Attacks&btnG=&as_sdt=1%2C33&as_sdtp=
95,Bilal Khan#Kirk Dombrowski#Ric Curtis#Travis Wendel,Estimating Vertex Measures in Social Networks by Sampling Completions of RDS Trees,Social Networking,2015,,Journal,Social networks,pdf/87.pdf,4(1),16-Jan,NULL,SCIRP,NULL,0,https://www.ncbi.nlm.nih.gov/pmc/articles/PMC4380167/,https://scholar.google.com/scholar?hl=en&q=Estimating+Vertex+Measures+in+Social+Networks+by+Sampling+Completions+of+RDS+Trees&btnG=&as_sdt=1%2C28&as_sdtp=
12,Carol Dottin#Bilal Khan,Scheduling Cooperative Emergency Response (or how the Meek shall overcome the Greedy),International Conference of Wireless Communications & Mobile Computing,2009,NULL,Conference,Network security,pdf/49.pdf,NULL,598-602,"Leipzig, Germany",NULL,NULL,0,None,http://scholar.google.com/scholar?q=Scheduling+Cooperative+Emergency+Response+%28or+how+the+Meek+shall+overcome+the+Greedy%29&btnG=&hl=en&as_sdt=5%2C33&sciodt=0%2C33&cites=2592313887833006962&scipsc=
13,Jamie Levy#Jaroslaw Paduch#Bilal Khan,Superimposing Permutational Covert Channels onto Reliable Stream Protocols,MALWARE,2008,"Oct 7-8, 2008",Conference,Network security,pdf/45.pdf,NULL,NULL,NULL,NULL,NULL,0,"http://scholar.google.com/scholar?cites=9419364216118603828&as_sdt=5,33&sciodt=0,33&hl=en","http://scholar.google.com/scholar?cluster=9419364216118603828&hl=en&as_sdt=5,33&sciodt=0,33"
14,Joel Sandin#Bilal Khan,Petrifying Worm Cultures: Scalable Detection and Immunization in Untrusted Environments,IEEE International Conference on Communications,2007,"June 24,-28, 2007",Conference,Network security,pdf/37.pdf,NULL,1423-1428,"Glasgow, Scotland",NULL,NULL,0,"http://scholar.google.com/scholar?cites=15210825600346042674&as_sdt=5,33&sciodt=0,33&hl=en","http://scholar.google.com/scholar?cluster=15210825600346042674&hl=en&as_sdt=5,33&sciodt=0,33"
15,Jamie Levy#Bilal Khan,Hiding Your Wares: Transparently Retrofitting Memory Confidentiality into Legacy Applications,IEEE International Conference on Communications,2007,"June 24-28 , 2007",Conference,Network security,pdf/36.pdf,NULL,1368-1372,"Glasgow, Scotland",IEEE,NULL,0,"http://scholar.google.com/scholar?cites=3621662081376211837&as_sdt=5,33&sciodt=0,33&hl=en","http://scholar.google.com/scholar?cluster=3621662081376211837&hl=en&as_sdt=5,33&sciodt=0,33"
16,Bilal Khan#Kiran Bhutani,Sparse Periodic Goldbach Sets,3rd International Conference on Mathematical Sciences,2008,NULL,Conference,Graph theory,pdf/44.pdf,NULL,NULL,"Dubai, UAE",NULL,NULL,0,None,"http://scholar.google.com/scholar?cluster=10853925103573049131&hl=en&as_sdt=0,33"
17,Bilal Khan#Kiran Bhutani,Graphic Arithmetic II: +Irreducibility Canonical Decompositions and Cancellation Laws,3rd International Conference on Mathematical Sciences,2008,NULL,Conference,Graph theory,pdf/43.pdf,NULL,NULL,"Dubai, UAE",NULL,NULL,0,"http://scholar.google.com/scholar?cites=11327386392031688864&as_sdt=5,33&sciodt=0,33&hl=en","http://scholar.google.com/scholar?cluster=11327386392031688864&hl=en&as_sdt=5,33&sciodt=0,33"
18,Bilal Khan#Kiran Bhutani,Compression and expansion in graphs using overlays,Networks,2011,NULL,Journal,Graph theory,pdf/63.pdf,58,36-42,NULL,NULL,NULL,0,http://onlinelibrary.wiley.com/doi/10.1002/net.20411/abstract,https://scholar.google.com/scholar?q=Compression+and+expansion+in+graphs+using+overlays%2C+Networks%2C+Volume+58&btnG=&hl=en&as_sdt=0%2C28
19,Bilal Khan#Kiran Bhutani#Delaram Kahrobaei,A Graphic Generalization of Arithmetic,Electronic Journal of Combinatorial Number Theory,2007,NULL,Journal,Graph theory,pdf/38.pdf,7.A12,NULL,NULL,NULL,NULL,0,"http://scholar.google.com/scholar?cites=4665737848312407001&as_sdt=5,33&sciodt=0,33&hl=en","http://scholar.google.com/scholar?cluster=4665737848312407001&hl=en&as_sdt=0,33"
20,Kiran Bhutani#Bilal Khan,Distance Between Graphs Using Graph Labelings,Ars Combinatoria,2005,NULL,Journal,Graph theory,pdf/24.pdf,77,45-52,NULL,NULL,NULL,0,"http://scholar.google.com/scholar?cites=2096502470369365709&as_sdt=5,33&sciodt=0,33&hl=en","http://scholar.google.com/scholar?cluster=2096502470369365709&hl=en&as_sdt=5,33&sciodt=0,33"
21,Kiran Bhutani#Bilal Khan,A Metric on the Class of Connected Simple Graphs of Given Order,Aequationes Mathematicae,2003,NULL,Journal,Graph theory,pdf/20.pdf,66(3),232-240,Basel,Springer,NULL,0,"http://scholar.google.com/scholar?cites=4357893389020625210&as_sdt=5,33&sciodt=0,33&hl=en","http://scholar.google.com/scholar?cluster=4357893389020625210&hl=en&as_sdt=5,33&sciodt=0,33"
22,Bilal Khan#Dardo Kleiner#David Talmage#Abdella Battou,The Effect of Wavelength Advertisement on the Performance of an Optical Routing Protocol,IEEE Globecom,2004,"Nov 29 -Dec 3, 2004",Conference,Optical networks,pdf/22.pdf,3,1985-1988,"Dallas,TX",NULL,NULL,0,"http://scholar.google.com/scholar?cites=324000207320594632&as_sdt=5,33&sciodt=0,33&hl=en","http://scholar.google.com/scholar?cluster=324000207320594632&hl=en&as_sdt=5,33&sciodt=0,33"
23,Abdella Battou#Ghassen Ben Brahim#Bilal Khan,The Optical Network Control Plane,Optical Switching/Networking and Computing for Multimedia Systems (Chapter 5),2002,NULL,Chapter,Optical networks,pdf/13.pdf,NULL,133-178,NULL,Marcel-Dekker,Abdella Battou and Mohsen Guizani,0,None,"http://scholar.google.com/scholar?cluster=1698962389218762787&hl=en&as_sdt=0,33"
24,Abdella Battou#Bilal Khan#Daniel Lee#Sean Mountcastle#David Talmage#Spencer Marsh,CASiNO: component architecture for simulating network objects,Software Practice and Experience,2002,NULL,Journal,ATM networks,pdf/18.pdf,32(11),1099-1128,NULL,Wiley,NULL,0,"http://scholar.google.com/scholar?cites=2875374827786001432&as_sdt=5,33&sciodt=0,33&hl=en","http://scholar.google.com/scholar?cluster=2875374827786001432&hl=en&as_sdt=5,33&sciodt=0,33"
25,Abdella Battou#Bilal Khan#Daniel Lee#Spencer Marsh#Sean Mountcastle#David Talmage,SEAN for modeling and simulating ATM Signaling,SIMULATION (Transactions of the Society for Computer Simulation International),2002,NULL,Journal,ATM networks,pdf/17.pdf,78(4),231-238,NULL,Sage Publications,NULL,0,None,"http://scholar.google.com/scholar?cluster=7010828075568370333&hl=en&as_sdt=0,33"
26,Bilal Khan#Dardo Kleiner#David Talmage,OPTIPRISM: A Distributed Hierarchical Network Management System for All-Optical Networks,IEEE Globecom,2001,"Nov 25-29, 2001",Conference,Optical networks,pdf/12.pdf,3,1531-1535,"San Antonio, Texas",IEEE,NULL,0,"http://scholar.google.com/scholar?cites=1199721710424880603&as_sdt=5,33&sciodt=0,33&hl=en","http://scholar.google.com/scholar?cluster=1199721710424880603&hl=en&as_sdt=5,33&sciodt=0,33"
27,Bilal Khan#David Talmage#Sean Mountcastle#Abdella Battou#Spencer Marsh,Introducing PRouST: The PNNI Routing and Simulation Toolkit,IEEE Workshop on High Performance Switching and Routing,2001,"May 29-31 May, 2001",Conference,ATM networks,pdf/11.pdf,NULL,335-341,"Dallas, TX",IEEE,NULL,0,"http://scholar.google.com/scholar?cites=5938324285490190837&as_sdt=5,33&sciodt=0,33&hl=en","http://scholar.google.com/scholar?cluster=5938324285490190837&hl=en&as_sdt=5,33&sciodt=0,33"
28,Bilal Khan#Dardo Kleiner#David Talmage,Towards an Agent-based Distributed Hierarchical Network Management System for All-Optical Networks,3rd International Workshop on Mobile Agents and Telecommunications Applications,2000,"August 14�??16, 2001",Conference,Optical networks,pdf/9.pdf,2164,103-113,"Ecole Polytechnique, Montreal, Canada",Springer Berlin Heidelberg,NULL,0,NULL,NULL
29,Ghassen Ben Brahim#Bilal Khan#Abdella Battou#Mohsen Guizani#Ghulam Chaudhry,Routing Protocols for Optical Networks,IEEE Globecom,2000,NULL,Conference,Optical networks,pdf/8.pdf,NULL,NULL,"San Francisco, CA",IEEE,NULL,0,"http://scholar.google.com/scholar?cluster=12427560057810907202&hl=en&as_sdt=5,33&sciodt=0,33","http://scholar.google.com/scholar?cites=12427560057810907202&as_sdt=5,33&sciodt=0,33&hl=en"
30,Ghassen Ben Brahim#Bilal Khan#Abdella Battou#Mohsen Guizani#Ghulam Chaudhry,TRON: The Toolkit for Routing in Optical Networks,IEEE Globecom,2000,"Nov 25-29, 2001",Conference,Optical networks,pdf/7.pdf,3,1445-1449,"San Antonio, TX",IEEE,NULL,0,"http://scholar.google.com/scholar?cites=7744854935342453966&as_sdt=5,33&sciodt=0,33&hl=en","http://scholar.google.com/scholar?cluster=7744854935342453966&hl=en&as_sdt=5,33&sciodt=0,33"
31,Abdella Battou#Bilal Khan#Daniel Lee#Spencer Marsh#Sean Mountcastle#David Talmage,Introducing SEAN: The Signaling Entity for ATM Networks,IEEE Globecom,2000,"Nov 27-Dec 1, 2000",Conference,ATM networks,pdf/6.pdf,1,532-537,"San Francisco, CA",IEEE,NULL,0,"http://scholar.google.com/scholar?cites=10624716636458159075&as_sdt=5,33&sciodt=0,33&hl=en","http://scholar.google.com/scholar?cluster=10624716636458159075&hl=en&as_sdt=5,33&sciodt=0,33"
32,Bilal Khan#Dardo Kleiner#David Talmage,CHIME: The Cellular Hierarchy Information Modeling Environment,International Conference on Parallel and Distributed Computing and Systems,2000,"August 8-10, 2000",Conference,ATM networks,pdf/5.pdf,NULL,NULL,"Las Vegas, NV",NULL,NULL,0,"http://scholar.google.com/scholar?cites=11974415884311744510&as_sdt=5,33&sciodt=0,33&hl=en","http://scholar.google.com/scholar?cluster=11974415884311744510&hl=en&as_sdt=5,33&sciodt=0,33"
33,Abdella Battou#Kiran Bhutani#Bilal Khan,Two Approaches for Aggregation of Peer Group Topology in Hierarchical PNNI Networks,International Journal of Intelligent Automation and Soft Computing,2000,NULL,Journal,ATM networks,pdf/10.pdf,6(2),125-134,NULL,"Autosoft Press, Taylor and Francis",NULL,0,"http://scholar.google.com/scholar?cites=18335853473363883932&as_sdt=5,33&sciodt=0,33&hl=en","http://scholar.google.com/scholar?cluster=18335853473363883932&hl=en&as_sdt=5,33&sciodt=0,33"
34,Abdella Battou#Bilal Khan#Daniel Lee#Spencer Marsh#Sean Mountcastle#David Talmage,CASiNO: A Component Architecture for Simulation of Network Objects,Symposium on Performance Evaluation of Computer and Telecommunication Systems,1999,"Oct 24-28, 1999",Conference,Optical networks,pdf/3.pdf,NULL,NULL,"Chicago, IL",NULL,NULL,0,NULL,NULL
35,Abdella Battou#Bilal Khan#Sean Mountcastle,PNNI and the Optimal Design of High-speed ATM Networks,Journal of Informatica,1999,NULL,Journal,Optical networks,pdf/4.pdf,23(4),NULL,NULL,NULL,NULL,0,NULL,NULL
36,Baruch Awerbuch#Yi Du#Bilal Khan#Yuval Shavitt,Routing Through Networks with Hierarchical Topology Aggregation,Journal of High Speed Networks,1998,NULL,Journal,Computer networks,pdf/2.pdf,7(1),57-73,NULL,IOS Press,NULL,0,"http://scholar.google.com/scholar?cluster=7519060906975818647&hl=en&as_sdt=5,33&sciodt=0,33","http://scholar.google.com/scholar?cites=7519060906975818647&as_sdt=5,33&sciodt=0,33&hl=en"
37,Baruch Awerbuch#Yi Du#Bilal Khan#Yuval Shavitt,Routing through teranode networks with topology aggregation,3rd IEEE Symposium on Computers and Communications Systems,1998,NULL,Conference,Computer networks,pdf/1.pdf,NULL,NULL,NULL,NULL,NULL,0,NULL,NULL
38,Zeki Bilgin#Bilal Khan,Balancing Power: Tradeoffs between Connection Lifetime and Control Traffic Overhead in MANETS,IEEE International Conference on Communications,2009,"June 21- 24, 2009",Conference,Wireless networks,pdf/48.pdf,NULL,883-887 ,"Leipzig, Germany",Association of Computing Machinery,NULL,0,None,"http://scholar.google.com/scholar?cluster=9318440852688240087&hl=en&as_sdt=0,33"
39,Ghassen Ben Brahim#Ala Al-Fuqaha#Mohsen Guizani#Bilal Khan,A Model for Cooperative Mobility and Budgeted QoS in MANETs with Heterogenous Autonomy Requirements,IEEE Globecom,2008,"Nov 30-Dec 4, 2008",Conference,Wireless networks,pdf/42.pdf,NULL,5-Jan,"New Orleans, LO",IEEE,NULL,0,"http://scholar.google.com/scholar?cites=12584210893281496481&as_sdt=5,33&sciodt=0,33&hl=en","http://scholar.google.com/scholar?cluster=12584210893281496481&hl=en&as_sdt=5,33&sciodt=0,33"
40,Bilal Khan#Kiran Bhutani,Designing scalable networks with multiple personalities,3rd International Conference on Mathematical Sciences,2008,NULL,Conference,Computer networks,pdf/41.pdf,NULL,NULL,"Dubai, UAE",NULL,NULL,0,NULL,NULL
41,Zeki Bilgin#Bilal Khan,Increasing Connection Lifetimes through Dynamic Distribution of Budgeted Power,IEEE International Wireless Communications and Mobile Computing Conference,2008,"August 6th - 8th, 2008",Conference,Wireless networks,pdf/40.pdf,NULL,NULL,"Crete Island, Greece",Association of Computing Machinery,NULL,0,"http://scholar.google.com/scholar?cites=931195732398983489&as_sdt=5,33&sciodt=0,33&hl=en","http://scholar.google.com/scholar?cluster=931195732398983489&hl=en&as_sdt=5,33&sciodt=0,33"
42,Mohsen Guizani#Ghassen Ben Brahim#Ala Al-Fuqaha#Bilal Khan,Surrendering Autonomy: Can Cooperative Mobility Help?,13th International European Conference on Parallel and Distributed Computing (Euro-Par),2007,"August 28-31, 2007",Conference,Wireless networks,pdf/35.pdf,NULL,901-910,"Rennes, France",Springer Berlin Heidelberg,NULL,0,None,"http://scholar.google.com/scholar?cluster=12035733980503126562&hl=en&as_sdt=0,33"
43,Bilal Khan#Ghassen Ben Brahim,Budgeting Power:Packet Duplication and Bit Error Rate Reduction in Wireless Ad-Hoc Networks,IEEE International Wireless Communications and Mobile Computing Conference,2006,"July 3-6, 2006",Conference,Wireless networks,pdf/29.pdf,NULL,293-298 ,"Vancouver, Canada",NULL,NULL,0,"http://scholar.google.com/scholar?cites=12659689238304712591&as_sdt=5,33&sciodt=0,33&hl=en","http://scholar.google.com/scholar?cluster=12659689238304712591&hl=en&as_sdt=5,33&sciodt=0,33"
44,Bilal Khan#Ghassen Ben Brahim#Ala Al-Fuqaha#Mohsen Guizani,Using Energy-Efficient Overlays to Reduce Packet Error Rates in Wireless Ad-Hoc Networks,IEEE Conference on Communications,2006,"June 11-15, 2006",Conference,Wireless networks,pdf/28.pdf,8,3717-3722,"Istanbul, Turkey",NULL,NULL,0,"http://scholar.google.com/scholar?cites=12936781678789150610&as_sdt=5,33&sciodt=0,33&hl=en","http://scholar.google.com/scholar?cluster=12936781678789150610&hl=en&as_sdt=5,33&sciodt=0,33"
45,Bilal Khan#Ghassen Ben Brahim#Ala Al-Fuqaha#Mohsen Guizani,Harnessing the Parity of Multiple Errors in End-to-End MAC Schemes,IEEE Globecom,2006,"Nov 27-Dec 1, 2006",Conference,Wireless networks,pdf/27.pdf,NULL,5-Jan,"San Fancisco, CA",IEEE,NULL,0,None,"http://scholar.google.com/scholar?q=related:oApnsMdthpkJ:scholar.google.com/&hl=en&as_sdt=0,33"
46,Bilal Khan#Ghassen Ben Brahim#Ala Al-Fuqaha#Mohsen Guizani,Minimizing Wireless Connection BER through the Dynamic Distribution of Budgeted Power,IEEE Globecom,2006,"Nov 27-Dec 1, 2006",Conference,Wireless networks,pdf/26.pdf,NULL,5-Jan,"San Francisco, CA",IEEE,NULL,0,"http://scholar.google.com/scholar?cites=13948880123066861922&as_sdt=5,33&sciodt=0,33&hl=en","http://scholar.google.com/scholar?cluster=13948880123066861922&hl=en&as_sdt=5,33&sciodt=0,33"
47,Ghassen Ben Brahim#Bilal Khan#Ala Al-Fuqaha#Mohsen Guizani,Duplicity versus Strength: Reducing the Bit Error Rate of Power-Budgeted Connections in Wireless Ad-hoc Networks,International Journal of Sensor Networks,2006,NULL,Journal,Wireless networks,pdf/31.pdf,4(3),145-154,NULL,Inderscience,NULL,0,"http://scholar.google.com/scholar?cites=10264879297363163589&as_sdt=5,33&sciodt=0,33&hl=en","http://scholar.google.com/scholar?cluster=10264879297363163589&hl=en&as_sdt=5,33&sciodt=0,33"
50,Bilal Khan,Computation with Polytopal Uncertainty in d-Dimensional Euclidean Space,Conference on Systemics Cybernetics and Informatics,2005,NULL,Conference,Methods,pdf/23.pdf,NULL,NULL,NULL,NULL,NULL,0,NULL,NULL
51,Bilal Khan#Dardo Kleiner#David Talmage,The Buck Stops Here: Trust Management in Multi-Agent Systems with Accountability,IEEE Symposium on Multi-Agent Security and Survivability,2004,"August 30-31, 2004",Conference,Computer networks,pdf/21.pdf,NULL,46 - 54,"Philadelphia, Pennsylvania",IEEE,NULL,0,None,"http://scholar.google.com/scholar?cluster=14267082855122069301&hl=en&as_sdt=0,33"
52,Kiran Bhutani#Bilal Khan#Birendro Roy,Tradeoffs in Load Balancing and Communication Minimization for Multi-Agent Systems,International Conference on Parallel and Distributed Computing and Systems,2002,"November 4 �?? 6, 2002 ",Conference,Computer networks,pdf/15.pdf,NULL,NULL,"Massachusetts Institute of Technology, Cambridge, Massachusetts",Acta,NULL,0,None,"http://scholar.google.com/scholar?cluster=9210463958602341383&hl=en&as_sdt=0,33"
53,Kiran Bhutani#Bilal Khan,Minimizing Communication Costs in Hierarchical Multi-Agent Systems,Joint Conference on Information Sciences JCIS,2002,NULL,Conference,Computer networks,pdf/14.pdf,NULL,1435-1442,"Chapel Hill, North Carolina",NULL,NULL,0,"http://scholar.google.com/scholar?cites=17075951555308590657&as_sdt=5,33&sciodt=0,33&hl=en","http://scholar.google.com/scholar?cluster=17075951555308590657&hl=en&as_sdt=5,33&sciodt=0,33"
54,Richard Randall#Bilal Khan,Similarity Measures for Tonal Models,9th International Conference on Music Perception and Cognition,2006,NULL,Conference,Music,pdf/25.pdf,NULL,NULL,"Bologna, Italy",Bononia University Press,"M. Baroni, A. R. Addessi, R. Casterina, and M. Costa",0,NULL,NULL
55,Richard Randall#Bilal Khan,Fred Lerdahl's Tonal Pitch Space Model and associated metric spaces,Journal of Mathematics and Music,2010,NULL,Journal,Music,pdf/62.pdf,4(3),121-131,NULL,Taylor and Francis,NULL,0,"http://scholar.google.com/scholar?cites=8374581586762103393&as_sdt=5,33&sciodt=0,33&hl=en","http://scholar.google.com/scholar?cluster=8374581586762103393&hl=en&as_sdt=5,33&sciodt=0,33"
58,Zeki Bilgin#Bilal Khan,Dynamic power budget distribution schemes that optimize connection lifetimes in MANETS,International Journal of Autonomous and Adaptive Communication Systems,2010,NULL,Journal,Wireless networks,pdf/61.pdf,5(4),360-385,NULL,Inderscience,NULL,0,None,"http://scholar.google.com/scholar?cluster=428007017531432072&hl=en&as_sdt=0,33"
59,Osama Awwad#Ala Al-Fuqaha#Ghassen Ben Brahim#Bilal Khan#Ammar Rayes,Distributed Topology Control in Large-Scale Hybrid RF/FSO Networks: SIMT GPU-Based Particle Swarm Optimization Approach,International Journal of Communication Systems,2013,NULL,Journal,Optical networks,pdf/60.pdf,26(7),888-911,NULL,Wiley,NULL,0,"http://scholar.google.com/scholar?cites=8789866759109584912&as_sdt=5,33&sciodt=0,33&hl=en","http://scholar.google.com/scholar?cluster=8789866759109584912&hl=en&as_sdt=5,33&sciodt=0,33"
60,Ala Al-Fuqaha#Bilal Khan#Mohsen Guizani#Ammar Rayes#Osama Awwad#Ghassen Ben Brahim,Opportunistic Channel Selection Strategy for Better QoS in Cooperative Networks with Cognitive Radio Capabilities,IEEE Journal of Selected Areas in Communications,2008,NULL,Journal,Wireless networks,pdf/46.pdf,NULL,156 - 167,NULL,NULL,IEEE,0,"http://scholar.google.com/scholar?cites=1948080682734378370&as_sdt=5,33&sciodt=0,33&hl=en","http://scholar.google.com/scholar?cluster=1948080682734378370&hl=en&as_sdt=5,33&sciodt=0,33"
61,Osama Awwad#Ala Al-Fuqaha#Bilal Khan#Dionysis Kountanis#Driss Benhaddou,GPU-Based Particle Swarm Optimization for Topology Control in Hybrid RF/FSO Mesh Networks,IEEE International Conference on Communications,2010,"May 23-27 , 2010",Conference,Wireless networks,pdf/57.pdf,NULL,NULL,"Capetown, South Africa",NULL,NULL,0,NULL,NULL
62,Zeki Bilgin#Bilal Khan,A Dynamic Route Optimization Mechanism for AODV in MANET,IEEE International Conference on Communications,2010,"May 23-27, 2010",Conference,Wireless networks,pdf/56.pdf,NULL,1550-3607,"Capetown, South Africa",IEEE,NULL,0,"http://scholar.google.com/scholar?cites=5077469865813323747&as_sdt=5,33&sciodt=0,33&hl=en","http://scholar.google.com/scholar?cluster=5077469865813323747&hl=en&as_sdt=0,33&sciodt=0,33"
63,Zeki Bilgin#Bilal Khan#Ala Al-Fuqaha,Using Connection Expansion to Reduce Control Traffic in MANETs,IEEE International Wireless Communications and Mobile Computing Conference,2010,"June 28 - July 2, 2010 ",Conference,Wireless networks,pdf/55.pdf,NULL,534-538 ,"Caen, France",NULL,NULL,0,"http://scholar.google.com/scholar?cites=12828766499825202975&as_sdt=5,33&sciodt=0,33&hl=en","http://scholar.google.com/scholar?cluster=12828766499825202975&hl=en&as_sdt=5,33&sciodt=0,33"
64,Zeki Bilgin#Bilal Khan#Ala Al-Fuqaha,Only the Short Die Old: Route Optimization in MANETs by Dynamic Subconnection Shrinking,IEEE International Wireless Communications and Mobile Computing Conference,2010,"June 28 - July 2, 2010 ",Conference,Wireless networks,pdf/54.pdf,NULL,681-685 ,"Caen, France",Association of Computing Machinery,NULL,0,"http://scholar.google.com/scholar?cites=7451870531857551510&as_sdt=5,33&sciodt=0,33&hl=en","http://scholar.google.com/scholar?cluster=7451870531857551510&hl=en&as_sdt=5,33&sciodt=0,33"
65,Zeki Bilgin#Bilal Khan,Having ones cake and eating it too: Better routes and lower control traffic for AODV,Med-Hoc-Net,2010,"June 23-25, 2010",Conference,Wireless networks,pdf/53.pdf,NULL,8-Jan,"Juan-Les-Pins, France",IEEE,NULL,0,None,"http://scholar.google.com/scholar?cluster=14760322958753936189&hl=en&as_sdt=0,33"
66,Omer Demir#Bilal Khan#Ala Al-Fuqaha,Reconstruction of Malicious Internet Flows,IEEE International Wireless Communications and Mobile Computing Conference,2010,"June 28 - July 2, 2010 ",Conference,Network security,pdf/52.pdf,NULL,1182-1187 ,"Caen, France",Association of Computing Machinery,NULL,0,"http://scholar.google.com/scholar?cites=12923003437628908720&as_sdt=5,33&sciodt=0,33&hl=en","http://scholar.google.com/scholar?cluster=12923003437628908720&hl=en&as_sdt=5,33&sciodt=0,33"
67,Osama Awwad#Ala Al-Fuqaha#Bilal Khan#Driss Benhaddou#Mohsen Guizani#Ammar Rayes,Bayesian-Based Game Theoretic Model to Guarantee Cooperativeness in Hybrid RF/FSO Mesh Networks,IEEE Globecom,2009,"Nov 30-Dec 4, 2009",Conference,Wireless networks,pdf/47.pdf,NULL,NULL,"Honolulu, Hawaii",IEEE,NULL,0,"http://scholar.google.com/scholar?cites=2038715751516758212&as_sdt=5,33&sciodt=0,33&hl=en","http://scholar.google.com/scholar?cluster=2038715751516758212&hl=en&as_sdt=5,33&sciodt=0,33"
68,Ghassen Ben Brahim#Osama Awwad#Ala Al-Fuqaha#Bilal Khan#Mohsen Guizani,Using MILP for Optimal Movement Planning in MANETs with Cooperative Mobility,IEEE Globecom,2007," Nov 26-30, 2007",Conference,Wireless networks,pdf/34.pdf,NULL,1201 - 1205,"Washington, DC",NULL,NULL,0,None,"http://scholar.google.com/scholar?cluster=13750744447753615664&hl=en&as_sdt=0,33"
69,Ghassen Ben Brahim#Ala Al-Fuqaha#Dionysis Kountanis#Bilal Khan,A New Fuzzy-Based Cooperative Movement Model in Support of QoS in Wireless Ad-Hoc Networks,International Conference of Wireless Communications & Mobile Computing,2007,"August 12-16, 2007",Conference,Wireless networks,pdf/33.pdf,NULL,158-163 ,"Honolulu, Hawaii",ACM,NULL,0,"http://scholar.google.com/scholar?cites=5819797840070744154&as_sdt=5,33&sciodt=0,33&hl=en","http://scholar.google.com/scholar?cluster=5819797840070744154&hl=en&as_sdt=5,33&sciodt=0,33"
70,Bilal Khan#Ghassen Ben Brahim#Ala Al-Fuqaha,Multigrid Techniques for Movement Planning in MANETs with Cooperative Mobility,IEEE International Wireless Communications and Mobile Computing Conference,2007,"August 12-16, 2007",Conference,Wireless networks,pdf/32.pdf,NULL,197-201 ,"Honolulu, Hawaii",ACM,NULL,0,None,"http://scholar.google.com/scholar?cluster=786480995604668889&hl=en&as_sdt=0,33"
71,Mohsen Guizani#Ammar Rayes#Bilal Khan#Ala Al-Fuqaha,Network Modeling and Simulation: A Practical Perspective,,2010,NULL,Book,Social networks#Methods,http://www.amazon.com/Network-Modeling-Simulation-Practical-Perspective/dp/0470035870,NULL,304 pages,NULL,Wiley,NULL,0,"http://scholar.google.com/scholar?cites=3304344889184405981&as_sdt=5,33&sciodt=0,33&hl=en","http://scholar.google.com/scholar?cluster=3304344889184405981&hl=en&as_sdt=5,33&sciodt=0,33"
73,Alissa Ackerman#Bilal Khan,Assessing reporting patterns of child sexual abuse within the Catholic Church using discontinuities in model parameter timeseries,Social Science Research,2012,March,Journal,Public health#Methods,pdf/66.pdf,41(2),253-262,NULL,Elsevier,NULL,0,None,"http://scholar.google.com/scholar?cluster=7199806469315598393&hl=en&as_sdt=0,33"
74,Osama Awwad#Ala Al-Fuqaha#Bilal Khan#Ghassen Ben Brahim,Topology Control Schema for Better QoS in Hybrid RF/FSO Mesh Networks,IEEE Transactions on Communications,2012,NULL,Journal,Mobile Networks,pdf/67.pdf,60(5),1398-1406,NULL,IEEE,NULL,0,"http://scholar.google.com/scholar?cites=10864576412989144858&as_sdt=5,33&sciodt=0,33&hl=en","http://scholar.google.com/scholar?cluster=10864576412989144858&hl=en&as_sdt=5,33&sciodt=0,33"
75,Mohammad Ahmad#Ala Al-Fuqaha#Osama Awwad#Bilal Khan,Synergies of Radio Frequency and Free Space Optics Communication: New Hybrid Solutions for Next Generation Wireless Mesh Networks,International Journal of Computer Networks (IJCN),2012,NULL,Journal,Wireless networks,pdf/68.pdf,4(5),NULL,NULL,NULL,NULL,0,"http://scholar.google.com/scholar?cites=13411712194491432982&as_sdt=5,33&sciodt=0,33&hl=en","http://scholar.google.com/scholar?cluster=13411712194491432982&hl=en&as_sdt=5,33&sciodt=0,33"
76,Kirk Dombrowski#Bilal Khan#Katherine McLean#Travis Wendel#Evan Misshula#Samuel Friedman#Ric Curtis,A re-examination of connectivity trends via Exponential Random Graph modeling in two IDU risk networks,Substance Use and Misuse,2013,NULL,Journal,Public health#Social networks,pdf/69.pdf,48(14),1485-1497,NULL,NULL,NULL,0,NULL,NULL
77,Kirk Dombrowski#Bilal Khan#Travis Wendel#Katherine McLean#Ric Curtis,Estimating the Size of the Methamphetamine-Using Population in New York City Using Network Sampling Techniques,Journal of Advances in Applied Sociology,2012,NULL,Journal,Public health#Social networks#Methods,pdf/70.pdf, 2(4),245-252,NULL,NULL,NULL,0,"http://scholar.google.com/scholar?cites=7476252031546632817&as_sdt=5,33&sciodt=0,33&hl=en","http://scholar.google.com/scholar?cluster=7476252031546632817&hl=en&as_sdt=5,33&sciodt=0,33"
84,Bilal Khan#Kirk Dombrowski#Mohamed Saad#Katherine McLean#Evan Misshula#Ric Curtis#Travis Wendel#William Jett,IDU Network Topologies and HIV Stabilization Dynamics,,2011,NULL,Book,Public health#Social networks,pdf/65.pdf,NULL,244 pages,NULL,National Institute of Health,NULL,0,NULL,NULL
85,Kirk Dombrowski#Bilal Khan#Joshua Moses#Emily Channell#Katherine McLean#Evan Misshula#Nathaniel Dombrowski#William Jett#Ric Curtis#Frances Williams#Jane Dicker#Toby Pijogge#Eva Lampe,The Nain Networks Project,,2011,NULL,Book,Public health#Social networks,NULL,NULL,196 pages,NULL,National Science Foundation and Nunatsiavut Research Committee,NULL,0,NULL,NULL
86,Travis Wendel#Bilal Khan#Kirk Dombrowski#Ric Curtis#Katherine McLean#Evan Misshula#Robert Riggs#David M. Marshall IV,Dynamics of Methamphetamine Markets in New York City,Final Report to the U.S. Department of Justice,2010,NULL,Book,Public health#Social networks,pdf/51.pdf,NULL,266 pages,NULL,NULL,NULL,0,NULL,NULL
87,Yuri Cantor#Bilal Khan#Kirk Dombrowski,Heterogeneity and its Impact on Thermal Robustness and Attractor Density,Complex Adaptive Systems,2011,"October 31-November 2, 2011",Conference,Complex adaptive systems,NULL,6, 1-7,"Chicago, Illin,Elsevier,NULL,0,http://scholar.google.com/scholar?cites=1703085210550138793&as_sdt=5",33&sciodt=0,"33&hl=en""","http://scholar.google.com/scholar?cluster=1703085210550138793&hl=en&as_sdt=5,33&sciodt=0,33",,
91,Omer Demir#Bilal Khan,Finding DDoS attack sources: Searchlight localization algorithm for network tomography,International Conference of Wireless Communications & Mobile Computing,2011,Network security,NULL,Network security,418-423,"Istanbul, Turkey",IEEE,NULL,0,"http://scholar.google.com/scholar?cites=523331599278313248&as_sdt=5,33&sciodt=0,33&hl=en","http://scholar.google.com/scholar?cluster=523331599278313248&hl=en&as_sdt=5,33&sciodt=0,33",,
96,Bilal Khan#Kirk Dombrowski#Mohamed Saad,A stochastic agent-based model of pathogen propagation in dynamic multi-relational social networks,SIMULATION (Transactions of the Society for Computer Simulation International),2014,NULL,Journal,Public health#Social networks,pdf/88.pdf,90(4),460-484,NULL,Sage Publishing,NULL,0,None,http://scholar.google.com/scholar?q=A+stochastic+agent-based+model+of+pathogen+propagation+in+dynamic+multi-relational+social+networks&btnG=&hl=en&as_sdt=0%2C33
97,Kirk Dombrowski#Bilal Khan#Joshua Moses#Emily Channell#Ric Curtis,Sampling Social Divisions in a Rural Inuit Community,Identities,2013,NULL,Journal,Public health#Social networks,pdf/82.pdf,21(2),134-151,NULL,NULL,Routledge; Taylor and Francis,0,http://scholar.google.com/scholar?client=safari&rls=en&oe=UTF-8&um=1&ie=UTF-8&lr=&cites=1348282642223880001,"http://scholar.google.com/scholar?cluster=1348282642223880001&hl=en&as_sdt=0,33&sciodt=0,33"
98,Bilal Khan#Kirk Dombrowski#Mohamed Saad#Katherine McLean,Network firewall dynamics and the subsaturation stabilization of HIV,Discrete Dynamics in Nature and Society,2013,NULL,Journal,Public health#Social networks,pdf/81.pdf,720818,16 pages,NULL,Hindawi,NULL,0,"http://scholar.google.com/scholar?cites=5864305808023176377&as_sdt=5,33&sciodt=0,33&hl=en","http://scholar.google.com/scholar?cluster=5864305808023176377&hl=en&as_sdt=5,33&sciodt=0,33"
99,Kirk Dombrowski#Ric Curtis#Samuel Friedman#Bilal Khan,Topological and Historical Considerations for Infectious Disease Transmission among Injecting Drug Users in Bushwick Brooklyn (USA),World Journal of AIDS,2013,NULL,Journal,Public health#Social networks,pdf/80.pdf,3(1),9-Jan,NULL,NULL,NULL,0,"http://scholar.google.com/scholar?cites=2648436797909624567&as_sdt=5,33&sciodt=0,33&hl=en","http://scholar.google.com/scholar?cluster=2648436797909624567&hl=en&as_sdt=5,33&sciodt=0,33"
100,Kirk Dombrowski#Bilal Khan#Emily Channell#Joshua Moses#Katherine McLean#Nathaniel Dombrowski,Kinship Family and Exchange in a Labrador Inuit Community,Arctic Anthropology,2013,NULL,Journal,Public health#Social networks,pdf/79.pdf,50(1),89-104,NULL,UWPress,NULL,0,"http://scholar.google.com/scholar?cites=10863282434267296219&as_sdt=5,33&sciodt=0,33&hl=en","http://scholar.google.com/scholar?cluster=10863282434267296219&hl=en&as_sdt=5,33&sciodt=0,33"
101,Kirk Dombrowski#Bilal Khan#Joshua Moses#Emily Channell#Evan Misshula,Assessing Respondent Driven Sampling for Network Studies in Ethnographic Contexts,Advances in Anthropology,2013,NULL,Journal,Public health#Social networks,pdf/78.pdf,3(1),NULL,NULL,SCIRP,NULL,0,"http://scholar.google.com/scholar?cites=633370980954777321&as_sdt=5,33&sciodt=0,33&hl=en","http://scholar.google.com/scholar?cluster=633370980954777321&hl=en&as_sdt=5,33&sciodt=0,33"
102,Kirk Dombrowski#Emily Channell#Bilal Khan#Joshua Moses#Evan Misshula,Out on the Land: Income Subsistence Activities and Food Sharing Networks in Nain Labrador,Journal of Anthropology,2013,NULL,Journal,Social networks,pdf/77.pdf,185048,NULL,NULL,Hindawi,NULL,0,https://www.hindawi.com/journals/janthro/2013/185048/,https://scholar.google.com/scholar?q=Out+on+the+Land%3A+Income%2C+Subsistence+Activities+and+Food+Sharing+Networks+in+Nain%2C+Labrador&btnG=&hl=en&as_sdt=0%2C28
104,Hesham Abed#Ala Al-Fuqaha#Bilal Khan#Ammar Rayes,Prediction in Autonomic Networks Based on Trend and Frequency Analysis of Anomalous Patterns,International Journal of Network Management,2013,NULL,Journal,Computer networks,pdf/75.pdf,23(3),186-213,NULL,NULL,NULL,0,http://onlinelibrary.wiley.com/doi/10.1002/nem.1825/abstract,https://scholar.google.com/scholar?q=%22Prediction+in+Autonomic+Networks+Based+on+Trend+and+Frequency+Analysis+of+Anomalous+Patterns%22+International+Journal+of+Network+Management&btnG=&hl=en&as_sdt=0%2C28
105,Jeremy Seideman#Bilal Khan#Ghassen Ben Brahim,Determining vulnerability resolution time by examining malware proliferation rates,IEEE International Wireless Communications and Mobile Computing Conference,2013,"July  1-5, 2013",Conference,Network security,NULL,NULL,1678 - 1682,Sardinia,NULL,NULL,0,"http://scholar.google.com/scholar?cites=9955547573369184394&as_sdt=5,33&sciodt=0,33&hl=en","http://scholar.google.com/scholar?cluster=9955547573369184394&hl=en&as_sdt=5,33&sciodt=0,33"
106,Omer Demir#Bilal Khan#Ala Al-Fuqaha#Ghassen Ben Brahim,Optimizing Agent Placement for Flow Reconstruction of DDoS Attacks,IEEE International Wireless Communications and Mobile Computing Conference,2013,"July 1-5, 2013",Conference,Network security,pdf/73.pdf,NULL,83 - 89,NULL,IEEE,NULL,0,http://ieeexplore.ieee.org/document/6583539/,"http://scholar.google.com/scholar?cluster=15763804831865155355&hl=en&as_sdt=0,33"
107,Mohamed Saad#Bilal Khan,Dynamic Optimization of Caregiver Schedules based on Vital Sign Streams,E-Health Telecommunication Systems and Networks,2013,NULL,Journal,Public health,NULL,NULL,NULL,NULL,SCIRP,NULL,0,http://www.scirp.org/journal/PaperInformation.aspx?paperID=33798,https://scholar.google.com/scholar?q=Dynamic+Optimization+of+Caregiver+Schedules+based+on+Vital+Sign+Streams&btnG=&hl=en&as_sdt=0%2C28
108,Mohamed Saad#Bilal Khan#Ghassen Ben Brahim,An Evaluation of the Risk Impact of Device Heterogeneity on Critical Care Delivery,5th International Conference on Modeling Simulation and Applied Optimization,2013,"April 28-30, 2013",Conference,Public health,pdf/74.pdf,NULL,6-Jan,"Hammamet, Tunisia",IEEE,NULL,0,http://ieeexplore.ieee.org/document/6552648/,"http://scholar.google.com/scholar?q=related:O-iZI5OWL8wJ:scholar.google.com/&hl=en&as_sdt=0,33"
109,Bilal Khan#Patrick Downey#Meredith Dank #Kirk Dombrowski,A method for determining the size of the underground cash economy for commercial sex in seven U.S. cities,Handbook of the Economics of Prostitution,2016,,Journal,Public health#Social networks#Methods,pdf/85.pdf,NULL,348-368,NULL,Oxford University Press,S. Cunningham and M. Shah,0,https://books.google.com/books?id=1S9ADQAAQBAJ&pg=PT420&lpg=PT420&dq=A+method+for+determining+the+size+of+the+underground+cash+economy+for+commercial+sex+in+seven+U.S.+cities&source=bl&ots=Lam1vNYQk-&sig=4m41foPSz0KqWyZ5_DEDcnQbgro&hl=en&sa=X&ved=0ahUKEwi0hvWPprbQAhVC3SYKHXDZD2wQ6AEIHTAA#v=onepage&q=A%20method%20for%20determining%20the%20size%20of%20the%20underground%20cash%20economy%20for%20commercial%20sex%20in%20seven%20U.S.%20cities&f=false,https://scholar.google.com/scholar?hl=en&q=A+method+for+determining+the+size+of+the+underground+cash+economy+for+commercial+sex+in+seven+U.S.+cities&btnG=&as_sdt=1%2C28&as_sdtp=
110,Holly Hagan#Joshua Neuer#Ashley Jordan#Don Des Jarlais#Jennifer Wu#Kirk Dombrowski#Bilal Khan#Scott Braithwaite#Jason Kessler,Hepatitis C virus infection among HIV-positive men who have sex with men: Protocol for a systematic review and meta-analysis,Systematic Reviews,2014,NULL,Journal,Public health#Social networks,pdf/86.pdf,3(31),31-Jan,NULL,NULL,NULL,0,https://www.ncbi.nlm.nih.gov/pubmed/24669911,https://scholar.google.com/scholar?hl=en&q=Hepatitis+C+virus+infection+among+HIV-positive+men+who+have+sex+with+men%3A+Protocol+for+a+systematic+review+and+meta-analysis&btnG=&as_sdt=1%2C28&as_sdtp=
111,Anna Wisniewska#Bilal Khan,Contention-sensing and Dynamic Spectrum Co-use in Secondary User Cognitive Radio Societies,IEEE International Wireless Communications and Mobile Computing Conference,2014,"Aug 4-8, 2014",Conference,Wireless networks,NULL,NULL,157-162,"Nicosia, Cyprus",IEEE,NULL,0,http://ieeexplore.ieee.org/document/6906349/?reload=true&arnumber=6906349,https://scholar.google.com/scholar?q=Contention-sensing+and+Dynamic+Spectrum+Co-use+in+Secondary+User+Cognitive+Radio+Societies&btnG=&hl=en&as_sdt=0%2C28
112,Jeremy Seideman#Bilal Khan,Identifying Malware Genera using the Jensen-Shannon Distance Between System Call Traces,MALCON: International Conference on Malicious and Unwanted Software,2014,"October 28-30, 2014",Conference,Network security,NULL,NULL,NULL,"Fajardo, Puerto Rico",NULL,NULL,0,NULL,NULL
113,Jeremy Seideman#Bilal Khan,Malware Biodiversity,MALCON: 9th International Conference on Malicious and Unwanted Software,2014,"October 28-30, 2014",Conference,Network security,NULL,NULL,NULL,"Fajardo, Puerto Rico",NULL,NULL,0,NULL,NULL
114,Yuri Cantor#Bilal Khan#Kirk Dombrowski,Towards a Formal Understanding of Bateson's Rule: Chromatic Symmetry in Cyclic Boolean Networks and its Relationship to Organism Growth and Cell Differentiation,Complex Adaptive Systems,2014,"November 3-5, 2014",Conference,Complex adaptive systems,NULL,NULL,NULL,"Philadelphia, PA",NULL,NULL,0,NULL,NULL
115,Bilal Khan#Kiran Bhutani,Additive Operations on Flow Graphs,AKCE International Journal of Graphs and Combinatorics,2014,NULL,Journal,Graph theory,pdf/89.pdf,11(2),NULL,NULL,Elsevier,NULL,0,http://www.journals.elsevier.com/akce-international-journal-of-graphs-and-combinatorics/,NULL
116,Jeremy Seideman#Bilal Khan#Cesar Vargas,Quantifying Malware Evolution through Archaeology,Journal of Information Security,2014,NULL,Journal,Network security,NULL,NULL,NULL,NULL,SCIRP,NULL,0,NULL,NULL
117,Holly Hagan#Jennifer Nuerer#Ashley Jordan#Don Des Jarlais#Jennifer Wu#Kirk Dombrowski#Bilal Khan#Scott Braithwaite#James Kessler,Hepatitis C virus incidence among HIV+ men who have sex with men: the role of non-injection drug use,Drug and Alcohol Dependence,2015,NULL,Journal,Public health#Social networks,pdf/95.pdf,146,e118-e201,NULL,Elsevier,NULL,0,http://www.drugandalcoholdependence.com/article/S0376-8716(14)01341-6/abstract,https://scholar.google.com/scholar?q=Hepatitis+C+virus+incidence+among+HIV%2B+men+who+have+sex+with+men%3A+The+role+of+non-injection+drug+use&btnG=&hl=en&as_sdt=0%2C28
118,Yuri Cantor#Bilal Khan#Kirk Dombrowski,Attractor-based obstructions to growth in homogenous cyclic Boolean automata,Journal of Computer Science and System Biology,2015,NULL,Journal,Complex adaptive systems,pdf/94.pdf,8(6),341-353,NULL,OMICS,NULL,0,https://www.ncbi.nlm.nih.gov/pmc/articles/PMC5028899/,https://scholar.google.com/scholar?q=Attractor-based+obstructions+to+growth+in+homogenous+cyclic+Boolean+automata&btnG=&hl=en&as_sdt=0%2C28
130,Ian Duncan#Roberto Abadie#Ric Curtis#Bilal Khan#Kirk Dombrowski,Needle Acquisition Patterns Network Risk and Social Capital among Rural PWID in Puerto Rico,Harm Reduction Journal,2017,NULL,Journal,Public health#Social networks,pdf/112.pdf,14 (69),11-Jan,NULL,NULL,NULL,0,https://harmreductionjournal.biomedcentral.com/articles/10.1186/s12954-017-0195-5,https://scholar.google.com/scholar?hl=en&as_sdt=0%2C28&q=Ian+Duncan%2C+Roberto+Abadie%2C+Ric+Curtis%2C+Bilal+Khan%2C+Kirk+Dombrowski.+Needle+Acquisition+Patterns%2C+Network+Risk+and+Social+Capital+among+Rural+PWID+in+Puerto+Rico%2C+Harm+Reduction+Journal%2C+Volume+14+%2869%29%2C+Pages+1-11%2C+2017&btnG=
120,Patrick Habecker#Kirk Dombrowski#Bilal Khan,Improving the Network Scale-Up Estimator: Incorporating Means of Sums Recursive Back Estimation and Sampling Weights,PLoS One ,2015,NULL,Journal,Public health#Social networks#Methods,pdf/93.pdf,10(12),e0143406,NULL,PLOS,NULL,0,https://www.ncbi.nlm.nih.gov/pubmed/26630261,https://scholar.google.com/scholar?hl=en&q=Improving+the+Network+Scale-Up+Estimator%3A+Incorporating+Means+of+Sums%2C+Recursive+Back+Estimation%2C+and+Sampling+Weights.&btnG=&as_sdt=1%2C28&as_sdtp=
121,Kirk Dombrowski#Devan Crawford#Bilal Khan#Kimberly Tyler,Current Rural Drug Use in the US Midwest,Journal of Drug Abuse,2016,NULL,Journal,Public health#Social networks,pdf/102.pdf,2(3),22,NULL,iMedPub,NULL,0,https://drugabuse.imedpub.com/current-rural-drug-use-in-the-us-midwest.pdf,https://scholar.google.com/scholar?q=Current+Rural+Drug+Use+in+the+US+Midwest&btnG=&hl=en&as_sdt=0%2C28
122,Kirk Dombrowski#Kelley Sittner#Devan Crawford#Melissa Welch-Lazoritz#Patrick Habecker#Bilal Khan,Network approaches to substance use and HIV/hepatitis C risk among homeless youth and adult women in the United States: A Review,Health,2016,NULL,Journal,Public health#Social networks,pdf/101.pdf,8(3),1143-1165,NULL,SCIRP,NULL,0,http://www.scirp.org/journal/PaperInformation.aspx?paperID=70141,https://scholar.google.com/scholar?q=Network+approaches+to+substance+use+and+HIV%2Fhepatitis+C+risk+among+homeless+youth+and+adult+women+in+the+United+States%3A+A+Review&btnG=&hl=en&as_sdt=0%2C28
123,Anna Wisniewska#Bilal Khan#Ala Al-Fuqaha#Kirk Dombrowski#Mohammad Abu Shattal,Social deference and hunger as mechanisms for starvation avoidance in cognitive radio societies,International Conference of Wireless Communications & Mobile Computing,2016,NULL,Conference,Wireless networks#Social networks,pdf/97.pdf,12,1063-1068,NULL,IEEE,NULL,0,http://ieeexplore.ieee.org/abstract/document/7577206/?reload=true,https://scholar.google.com/scholar?q=Social+deference+and+hunger+as+mechanisms+for+starvation+avoidance+in+cognitive+radio+societies&btnG=&hl=en&as_sdt=0%2C28
124,Kirk Dombrowski#Bilal Khan#Patrick Habecker#Holly Hagan#Samuel Friedman#Mohamed Saad,The Interaction of Human Social Systems and Virus Natural History in the non-Spreading of HIV,AIDS and Behavior,2016,NULL,Journal,Public health#Social networks,pdf/100.pdf,2016,12-Jan,NULL,Springer,NULL,0,http://link.springer.com/article/10.1007/s10461-016-1568-6,https://scholar.google.com/scholar?q=The+Interaction+of+Human+Social+Systems+and+Virus+Natural+History+in+the+non-Spreading+of+HIV&btnG=&hl=en&as_sdt=0%2C28
125,Kirk Dombrowski#Patrick Habecker#Robin Gauthier#Joshua Moses#Bilal Khan,Relocation Redux: Labrador Inuit population movements and inequalities in the land claims era,Current Anthropology,2016,NULL,Journal,Public health#Social networks,pdf/99.pdf,NULL,NULL,NULL,University of Chicago Press,NULL,0,http://www.journals.uchicago.edu/doi/abs/10.1086/689210,https://scholar.google.com/scholar?q=Relocation+Redux%3A+Labrador+Inuit+population+movements+and+inequalities+in+the+land+claims+era&btnG=&hl=en&as_sdt=0%2C28
126,Roberto Abadie#Melissa Welch-Lazoritz#Kirk Dombrowski#Bilal Khan,Social Determinants of HIV/HCV Co-Infection: A case Study from PWID in Rural Puerto Rico,Addictive Behaviors Reports,2017,NULL,Journal,Public health#Social networks,pdf/98.pdf,5,29-32,NULL,Elsevier,NULL,0,http://www.journals.elsevier.com/addictive-behaviors-reports,https://scholar.google.com/scholar?q=Social+Determinants+of+HIV%2FHCV+Co-Infection%3A+A+case+Study+from+PWID+in+Rural+Puerto+Rico&btnG=&hl=en&as_sdt=0%2C28
127,Bilal Khan#Zeki Bilgin,Performance comparison of two route optimisation schemes for AODV in MANETs,International Journal of Communication Networks and Distributed Systems,2016,NULL,Journal,Wireless networks,NULL,17(1),76-102,NULL,Inderscience,NULL,0,http://dl.acm.org/citation.cfm?id=2978447,https://scholar.google.com/scholar?q=Performance+comparison+of+two+route+optimisation+schemes+for+AODV+in+MANETs+&btnG=&hl=en&as_sdt=0%2C28
128,Patrick Habecker#Roberto Abadie#Melissa Welch-Lazoritz#Juan Carlos Reyes#Bilal Khan#Kirk Dombrowski,Injection Partners HCV and HIV Status among Rural Persons Who Inject Drugs in Puerto Rico,Substance Use and Misuse,2018,,Journal,Public health#Social networks,pdf/115.pdf,53(7),1128-1138,NULL,NULL,NULL,0,https://www.ncbi.nlm.nih.gov/pubmed/29166134,"https://scholar.google.com/scholar?lookup=0&q=Patrick+Habecker,+Roberto+Abadie,+Melissa+Welch-Lazoritz,+Juan+Carlos+Reyes,+Bilal+Khan,+Kirk+Dombrowski.+Injection+Partners+HCV,+and+HIV+Status+among+Rural+Persons+Who+Inject+Drugs+in+Puerto+Rico,+Substance+Use+and+Misuse,+Volume+53(7),+Pages+1128-1138,+2&hl=en&as_sdt=0,28"
131,Dane Hautala#Roberto Abadie#Bilal Khan#Kirk Dombrowski,Rural and urban comparisons of polysubstance use profiles and associated injection behaviors among people who inject drugs in Puerto Rico,Drug and Alcohol Dependence,2017,NULL,Journal,Public health#Social networks,pdf/110.pdf,181,186-193,NULL,NULL,NULL,0,https://www.drugandalcoholdependence.com/article/S0376-8716(17)30523-9/abstract?code=dad-site,https://scholar.google.com/scholar?hl=en&as_sdt=0%2C28&q=Rural+and+urban+comparisons+of+polysubstance+use+profiles+and+associated+injection+behaviors+among+people+who+inject+drugs+in+Puerto+Rico&btnG=
133,Joshua Moses#Bilal Khan#Vladimir Ponizovsky#Robin Gauthier#Kirk Dombrowski,Confounding Culture: Drinking Country Food Sharing and Traditional Knowledge Networks in a Labrador Inuit Community,Human Organization,2017,NULL,Journal,Public health#Social networks,pdf/109.pdf,76(2),171-183,NULL,NULL,NULL,0,http://sfaajournals.net/doi/abs/10.17730/0018-7259.76.2.171?code=apan-site,https://scholar.google.com/scholar?hl=en&as_sdt=0%2C28&q=Confounding+Culture%3A+Drinking%2C+Country+Food+Sharing+and+Traditional+Knowledge+Networks+in+a+Labrador+Inuit+Community&btnG=
132,Courtney Thrash#Melissa Welch-Lazoritz#Robin Gauthier#Bilal Khan#Roberto Abadie#Yadira Rolon Colon#Sandra Miranda De Leon#Kirk Dombrowski,Rural versus Urban Injection Drug Use in Puerto Rico: Network Implications for HIV and HCV Infection,Journal of Ethnicity and Substance Abuse,2017,NULL,Journal,Public health#Social networks,pdf/108.pdf,17(2),NULL,NULL,NULL,NULL,0,NULL,NULL
134,Anna Wisniewska#Mohammad Abu Shattal#Bilal Khan#Ala Al-Fuqaha#Kirk Dombrowski,From Blindness to Foraging to Sensing to Sociality: An Evolutionary Perspective on Cognitive Radio Networks,Mobile Networks and Applications,2017,,Journal,Wireless networks#Social networks,pdf/107.pdf,22,13-Jan,NULL,NULL,NULL,0,https://link.springer.com/article/10.1007/s11036-017-0950-6,https://scholar.google.com/scholar?hl=en&as_sdt=0%2C28&q=From+Blindness+to+Foraging+to+Sensing+to+Sociality%3A+An+Evolutionary+Perspective+on+Cognitive+Radio+Networks&btnG=
135,Mohammad Abu Shattal#Anna Wisniewska#Ala Al-Fuqaha#Bilal Khan#Kirk Dombrowski,Evolutionary Game Theory Perspective on Dynamic Spectrum Access Etiquette,IEEE Access,2017,NULL,Journal,Wireless networks#Social networks,pdf/106.pdf,99,15-Jan,NULL,NULL,NULL,0,https://ieeexplore.ieee.org/document/8014421/,https://scholar.google.com/scholar?hl=en&as_sdt=0%2C28&q=Evolutionary+Game+Theory+Perspective+on+Dynamic+Spectrum+Access+Etiquette&btnG=
136,Mohammad Abu Shattal#Ala Al-Fuqaha#Bilal Khan#Kirk Dombrowski#Anna Wisniewska,Evolution of Bio-Socially Inspired Strategies in Support of Dynamic Spectrum Access,IEEE Conference on Communications,2017,21-25 May,Conference,Wireless networks#Social networks,pdf/105.pdf,NULL,289-295,NULL,NULL,NULL,0,https://ieeexplore.ieee.org/document/7962672/,https://scholar.google.com/scholar?hl=en&as_sdt=0%2C28&q=Evolution+of+Bio-Socially+Inspired+Strategies+in+Support+of+Dynamic+Spectrum+Access&btnG=
137,Anna Wisniewska#Bilal Khan#Ala Al-Fuqaha#Kirk Dombrowski#Mohammad Abu Shattal,When Brands fight over Bands: Sociality in the Cognitive Radio Ecosystem,IEEE Conference on Communications,2017,21-25 May,Conference,Wireless networks#Social networks,pdf/104.pdf,NULL,NULL,NULL,NULL,NULL,0,https://ieeexplore.ieee.org/document/7997383/,https://scholar.google.com/scholar?hl=en&as_sdt=0%2C28&q=When+Brands+fight+over+Bands%3A+Sociality+in+the+Cognitive+Radio+Ecosystem&btnG=
138,Anna Wisniewska#Mohammad Abu Shattal#Bilal Khan#Ala Al-Fuqaha#Kirk Dombrowski,Emergence of pecking order in social Cognitive Radio societies,INFOCOM,2018,NULL,Conference,Wireless networks#Social networks,pdf/113.pdf,NULL,NULL,NULL,IEEE,NULL,0,http://infocom2018.ieee-infocom.org/content/workshop-scan-advances-software-defined-and-context%E2%80%90aware-cognitive-networks-program,NULL
139,Bilal Khan#Hsuan-Wei Lee#Ian Fellows#Kirk Dombrowski,One-step estimation of networked population size: Respondent-driven capture-recapture with anonymity,PLoS One,2018,NULL,Journal,Social networks#Methods,pdf/114.pdf,NULL,NULL,NULL,NULL,NULL,0,http://journals.plos.org/plosone/article?id=10.1371/journal.pone.0195959,https://www.google.com/search?rlz=1C1CHBF_enUS706US706&ei=SM71Wv3wLMrgjwSaoLWoCA&q=PLoS+One+One-step+estimation+of+networked+population+size%3A+Respondent-driven+capture-recapture+with+anonymity&oq=PLoS+One+One-step+estimation+of+networked+population+size%3A+Respondent-driven+capture-recapture+with+anonymity&gs_l=psy-ab.3...164355.166571.0.166837.9.7.0.0.0.0.0.0..0.0....0...1c.1.64.psy-ab..9.0.0....0.vNYjEZKIdS4
140,Bilal Khan#Hsuan-Wei Lee#Courtney Thrash#Kirk Dombrowski,Agency and Social Constraint among Victims of Domestic Minor Sex Trafficking: A Method for Measuring Free Will,Social Science Research,2018,NULL,Journal,Public health#Methods,pdf/116.pdf,,NULL,NULL,NULL,NULL,0,NULL,NULL
141,Mohammad Abu Shattal#Anna Wisniewska#Bilal Khan#Ala Al-Fuqaha#Kirk Dombrowski,From Channel Selection to Strategy Selection: Enhancing VANETs using Socially-Inspired Foraging and Deference Strategies,IEEE Transactions on Vehicular Technology,2018,NULL,Journal,Wireless networks#Social networks,NULL,NULL,NULL,NULL,NULL,NULL,0,NULL,NULL
142,Elizabeth Stevens#Kimberly Nucifora#Holly Hagan#Ashley Jordan#Jennifer Uyei#Bilal Khan#Kirk Dombrowski#Don Des Jarlais#Scott Braithwaite,Cost-effectiveness of direct anti-viral agents for hepatitis C virus infection and a combined intervention of syringe access and medication assisted therapy for opioid use disorders in an injection drug use population,Clinical Infectious Diseases,2019,NULL,Journal,Public health#Social networks,pdf/122.pdf,NULL,NULL,NULL,NULL,NULL,0,https://www.ncbi.nlm.nih.gov/pubmed/31400755,NULL
143,Ian Duncan#Patrick Habecker#Dane Hautala#Bilal Khan#Kirk Dombrowski,Injection related Hepatitis C Serosorting Behaviors among People Who Inject Drugs: An Urban/Rural Comparison,Ethnicity and Substance Abuse,2019,NULL,Journal,Public health#Social networks,pdf/121.pdf,18(4),578-593,NULL,NULL,NULL,0,https://www.ncbi.nlm.nih.gov/pubmed/29436977,NULL
144,Juan Carlos Reyes#Melissa Welch-Lazoritz#Laura Zayas Martinez#Bilal Khan#Kirk Dombrowski,Prevalence and risk factors associated with homelessness among drug users in Puerto Rico,Puerto Rico Health Sciences Journal,2019,NULL,Journal,Public health#Social networks,pdf/120.pdf,18(1),54-5,NULL,NULL,NULL,0,https://www.ncbi.nlm.nih.gov/pubmed/30924916,NULL
145,Bilal Khan#Kirk Dombrowski#Alekhya Bellam#Gisela Font Sayeras#Kin Pi#Devan Crawford#Patrick Habecker#Maisha Jauernig,Towards a Smart(er) Social Science using high-dimensional continuous-time trajectories from the Open Dynamic Interaction Networks (ODIN) platform,IEEE SmartWorld,2019,NULL,Conference,Public health#Social networks#Methods,pdf/119.pdf,NULL,NULL,Leicester,NULL,NULL,0,NULL,NULL
146,Hsuan-Wei Lee#Miranda Melson#Jerreed Ivanich#Patrick Habecker#Robin Gauthier#Lisa Wexler#Bilal Khan#Kirk Dombrowski,Mapping the Structure of Perceptions in Helping Networks of Alaska Natives,PLoS One,2018,NULL,Journal,Public health#Social networks,NULL,NULL,NULL,NULL,NULL,NULL,0,https://journals.plos.org/plosone/article?id=10.1371/journal.pone.0204343,NULL
147,Bilal Khan#Ian Duncan#Mohamed Saad#Daniel Schaefer#Ashley Jordan#Daniel Smith#Alan Neaigus#Don Des Jarlais#Holly Hagan#Kirk Dombrowski,Combination interventions for Hepatitis C and Cirrhosis reduction among people who inject drugs: An agent-based networked population simulation experiment,PLoS One,2018,NULL,Journal,Public health#Social networks,NULL,13(11),NULL,NULL,NULL,NULL,0,https://doi.org/10.1371/journal.pone.0206356,NULL
148,Irshadullah Khan#Bilal Khan,A note on the fine-structure constant,Preprint ArXiv arXiv:submit/3155246,2020,,Journal,Physics,KHAN-Submitted-to-ArXiv-4.30.2020.pdf,NULL,NULL,NULL,NULL,NULL,0,https://digitalcommons.unl.edu/cgi/viewcontent.cgi?article=1714&context=sociologyfacpub,NULL
149,Elspeth Ready#Patrick Habecker#Roberto Abadie#Bilal Khan#Kirk Dombrowski,Competing forces of withdrawal and disease avoidance in the risk networks of people who inject drugs. ,PLoS One,2020,NULL,Journal,Public health#Social networks,pdf/124.pdf,15(6),NULL,NULL,NULL,NULL,0,https://journals.plos.org/plosone/article?id=10.1371/journal.pone.0235124,NULL
